Comparison,t_stat,p_value,mean_diff,ci_lower,ci_upper
Mandatory vs No,13.40805893539512,5.115866603227904e-18,0.1610831470666789,0.13694030099190202,0.18522599314145577
Mild vs No,-4.977116905193747,8.367415302254222e-06,-0.07269415043267674,-0.10204535258131373,-0.043342948284039756
Hybrid vs No,6.538394672587273,3.443983075080912e-08,0.09449446973695588,0.06545159978361384,0.12353733969029793
